{"graph": {"_type": "graph-file", "path": "media/graph/graph_summary_8c0c0d1e.graph.json", "sha256": "8c0c0d1e7a35ff19bb87896c3d4f99f3b3519870b270963185d5b26d730f5433", "size": 655}, "_step": 33, "macro_f1": 0.9576355218887329, "epoch": 33, "loss": 0.02965875315946417, "val_loss": 0.030024416927321284, "val_macro_f1": 0.9819921851158142, "_timestamp": 1584288583.1077158, "_runtime": 5574.41789150238, "best_val_loss": 0.030024416927321284, "best_epoch": 33}
