{"graph": {"_type": "graph-file", "path": "media/graph/graph_summary_cfd017b0.graph.json", "sha256": "cfd017b0e0970306bffe7f970870a062212bb59f72aaa01e7b46986a452c559f", "size": 629}, "_step": 16, "_timestamp": 1584654437.583143, "_runtime": 35013.77512073517, "loss": 0.3050316810214782, "macro_f1": 0.6701072454452515, "val_macro_f1": 0.7036479711532593, "epoch": 16, "val_loss": 0.2977235545130337, "best_val_loss": 0.2977235545130337, "best_epoch": 16}
