{"graph": {"_type": "graph-file", "path": "media/graph/graph_summary_8c0c0d1e.graph.json", "sha256": "8c0c0d1e7a35ff19bb87896c3d4f99f3b3519870b270963185d5b26d730f5433", "size": 655}, "loss": 0.06382259193287003, "_step": 40, "macro_f1": 0.9935483932495117, "_timestamp": 1584388795.852899, "val_macro_f1": 0.9568234086036682, "val_loss": 0.0544861060950686, "_runtime": 6887.145132303238, "epoch": 40, "best_val_loss": 0.0544861060950686, "best_epoch": 40}
